x,y
7.6621375,-0.03459392
6.3679533,10.601986
10.058717,1.1060467
-3.9190102,3.5959501
7.2580376,-3.9989235
5.940765,2.2934408
7.624078,-0.5894585
8.922808,-0.2384212
7.4535823,-1.1405964
-5.5539227,3.3858595
6.5575647,10.486652
6.902751,1.470438
7.408696,1.9013963
-4.0045843,2.137523
5.7162075,-1.13047
4.5515003,0.47059882
-4.8429103,0.81201714
6.7333326,-0.930448
-2.9966383,3.2886057
9.087338,0.68600404
7.407938,10.210613
8.441128,12.4946575
7.135337,11.683834
4.212374,0.7514494
-4.734388,0.717414
7.5050244,10.653737
5.026571,1.298626
7.467288,2.6162963
-4.4244833,5.3611674
7.137494,3.0272996
8.444355,2.0768967
-3.7034867,5.546802
5.835199,-0.86724335
8.051972,11.742442
-3.8384514,2.3641331
10.111797,2.0806856
-3.3444738,2.204277
6.341301,-0.20639402
-5.266796,2.1594868
-4.141263,4.744514
6.5495987,1.7685645
5.7811303,-4.1948085
7.976841,-1.4152193
8.322352,0.57824427
6.1842318,0.4095744
7.2915354,2.7056375
7.8934164,1.5482777
7.47995,0.68981177
5.465599,2.0615613
-3.6891985,2.7131047
6.625162,-0.13512324
-4.1633916,5.344998
-5.942664,2.6229222
-3.650374,4.867461
-3.380567,4.2162895
6.277022,1.9614335
8.182703,3.0432236
6.73012,12.274695
-4.6759815,2.582043
8.622375,1.931791
-3.2211418,3.2828467
-2.523299,3.0887973
7.0390835,1.3762506
5.7808394,2.3624692
7.0810833,-4.7070374
-4.596346,4.6042247
6.9956665,2.244409
-3.807013,5.627836
8.820288,1.7036766
6.497461,2.5204458
6.8774614,0.9538238
8.496417,2.5940228
8.402376,0.8834954
7.3983116,-4.991121
7.8566628,11.33262
9.184825,2.138664
7.499411,-4.7732725
8.161161,-0.13481067
6.5525084,11.621902
5.495762,0.40706447
9.259652,1.023965
7.2523055,3.5248742
-4.417511,2.5923262
-4.577854,1.0334104
8.203906,-1.7147754
-5.245496,2.8836572
7.537325,1.5651622
-4.5219502,0.7671079
6.896912,10.34094
7.087724,0.5200515
4.509493,0.69044155
6.505838,12.059656
7.381454,12.252821
6.5425444,1.6601169
-4.3812113,2.3573933
8.168381,11.842052
7.3362155,11.663655
-3.230108,2.731028
-3.57873,1.781399
5.0513744,2.3514175
-3.5134118,2.3011258
-3.8223155,1.0344902
-0.80337965,1.4640707
7.6720405,-4.8896947
-6.105583,1.920755
7.948354,1.4470044
6.4985323,-3.1751535
6.6337075,-4.0245395
7.229194,10.478098
5.7574024,-0.81457216
7.2517962,10.677622
6.700286,1.7957499
-0.6573739,1.5822265
-5.928758,2.0675013
6.68935,0.9281963
6.301733,-0.26238918
8.286706,0.08429732
-6.1019297,1.4053496
-4.3887844,4.210509
6.56688,1.2334148
7.7816634,12.244024
-3.7449603,4.5828648
5.970685,0.95446044
6.7363844,-2.805239
-5.082499,1.146238
8.218103,11.1382
8.850328,-1.5059077
9.616284,0.73980016
4.7836103,1.1262388
-6.0343356,1.3545012
-5.3181534,2.5211616
8.146451,11.376103
6.798824,-4.473617
7.7894,1.6383401
5.838532,1.3984156
6.660926,2.2411523
6.822561,1.1806169
6.5595436,-0.8454563
7.384836,11.767219
-4.2162156,3.7828226
7.914013,-0.17918886
8.826004,0.4789113
6.613027,2.5954418
7.8187304,12.726952
7.4215493,2.6642425
6.6447077,-2.5021574
7.848464,-4.1452856
7.236415,11.042582
6.6811433,-1.9970663
6.075326,-1.2132411
6.191384,10.647617
8.699234,0.8433079
-4.1997848,3.0371513
8.083428,-4.3017244
7.291946,-2.626393
7.3200774,1.7434919
9.239106,0.201349
7.134523,0.6064226
-2.8851895,2.313646
6.27738,1.891752
5.491108,1.420065
7.672312,-4.6718864
6.3143163,-2.9093626
-3.0291226,2.244158
6.9146423,11.587209
-1.221842,1.6628778
7.19284,11.747229
-4.24313,0.45547554
7.855654,-1.9869605
6.9742084,10.931528
8.6497555,-0.0020308336
6.92432,-0.5058073
7.2358713,-1.403342
7.7666535,1.2614566
6.4973574,1.6729672
6.915047,-0.68704945
7.835492,0.11445598
8.251571,1.6928263
-4.197605,1.551375
9.887006,1.7230633
-1.199922,1.6069667
7.3025,3.2386484
8.774592,-1.6772605
10.137127,2.011253
7.8337502,12.198854
6.7632656,12.556942
-3.8990214,5.3547864
8.469032,11.006073
5.7292023,0.79620725
-3.2652934,5.137631
-5.5966897,0.7357826
7.540469,-4.5498776
6.230408,-4.472099
8.159444,0.22485408
-3.2743547,3.0183384
4.6550994,0.8896533
6.8183303,12.455131
7.681528,0.9617997
7.1689763,12.3726845
6.643885,-1.7298223
6.629805,-4.215913
-5.787315,0.85742927
7.0671835,-1.5895299
7.0459867,-0.52721316
6.9037757,-4.3694935
7.3579326,-0.016934706
8.213613,-2.1469133
-4.7968526,2.9250884
7.6620164,-1.7154573
7.8028083,-2.157916
7.2156405,-0.578126
6.688034,2.492421
-5.975888,2.7139955
-4.1289287,5.0719886
7.916795,1.7754996
7.9752707,-1.6782331
8.141455,-4.225773
8.483281,0.09081182
7.2233577,-2.1230614
7.5374413,-0.8769644
8.662049,-1.4765974
4.661657,0.7843066
-4.359463,1.3715034
-3.6941388,1.6854837
6.8358197,3.042368
6.70429,11.029839
7.841562,2.2272682
7.6510806,-1.4917983
8.920777,2.1357493
-4.174245,1.0085614
5.6829762,1.6462036
4.886096,0.488912
7.3113008,1.8955506
7.289496,0.2587131
8.359252,1.7524742
7.492344,-1.6797235
7.4665375,0.7047217
6.056256,0.6330301
8.761256,2.161649
7.6734886,11.885334
-3.2596397,4.681322
6.664322,0.1057398
-5.5982485,0.731985
9.588005,1.9648229
9.86281,1.1878997
7.3042865,0.953331
6.6590357,-2.3730364
-4.2001853,5.574722
7.1973004,3.2424922
6.808704,11.65065
-5.132269,1.6350515
4.583607,1.2575452
-2.7735944,-1.834294
-2.7260303,1.7351797
8.105916,2.0921822
-3.431919,2.35744
8.689407,2.394245
8.489873,11.829553
6.580553,2.5547726
-0.05642338,1.6727304
8.048701,0.9195649
7.848493,11.7633705
-3.9601555,3.0592742
-5.679401,2.8620095
7.264627,2.04972
6.808183,10.598023
7.96471,11.3285265
-4.1584105,4.732098
8.447481,1.6463543
7.8531456,1.8794223
6.748543,0.89274997
7.2839985,-1.0694959
-3.3494284,-0.07691132
7.1371174,-4.1791744
-6.2411504,2.425901
-2.8670402,2.8554494
-2.8406017,2.1152997
-3.784181,3.9792032
7.459262,-2.4059887
-2.7727828,-1.7374688
4.5764713,1.4187083
6.375949,10.540134
-3.012633,4.594525
6.1614013,-0.47649705
7.932178,10.724343
5.4558635,1.6120603
-0.533289,1.5466706
6.5295434,2.9388058
8.994736,-0.03466876
6.828509,12.816597
7.849896,10.648403
5.591081,-4.240922
-3.5560765,1.0885344
9.361965,1.4306976
9.119832,1.6103483
6.2968283,-0.674885
6.7590985,-3.8037453
7.6465716,11.3106365
-6.311859,2.3904836
-3.4935906,2.1297626
6.45771,0.25229692
7.799628,1.2552382
-3.3409495,4.8331823
7.5880203,3.2315764
7.117617,10.451347
7.2225604,-3.2288916
6.496506,2.9178042
6.7469797,1.4859351
7.637864,-4.214422
6.5447044,-4.3232136
-4.457845,4.3591886
-4.5869174,2.6756845
7.744701,11.8069315
8.134763,0.86660486
9.85209,0.63557917
6.266632,1.9817808
8.089433,0.403381
7.2405524,-2.634033
4.5434065,1.4177784
7.2368298,-1.4515947
-4.8614125,0.43308988
7.5062757,12.775897
7.2748833,12.528676
9.934241,2.5051577
6.9846144,0.056444313
8.777229,1.5766482
6.622694,12.476895
8.895006,0.86772585
-3.7859812,2.7119555
7.711935,0.8252699
-4.3701057,0.6677656
-2.9620674,3.6658885
6.8343883,8.028771
-5.6349525,2.6120036
7.064084,12.131573
-0.8892562,1.3658389
7.2234626,0.89193004
-4.346427,4.3912754
7.317264,-4.462267
8.63186,1.2956176
5.71313,-0.6553832
5.8989534,1.72446
6.1196523,0.20425096
7.4067016,-2.076518
-5.5877256,1.8251734
7.9940877,-4.045994
8.853787,11.331268
-3.4410732,3.8077543
6.5138507,1.2093799
6.8659396,-0.38006467
-4.7357063,0.95185447
9.611474,0.62691724
6.376099,0.9547074
7.445452,2.0802484
6.609563,1.4431239
8.507208,-0.11725248
8.3159075,0.32417592
6.8415656,-1.7570271
6.3058043,3.0660882
8.513771,2.7127903
6.467606,12.3345585
-6.1758337,1.5445535
10.095592,2.3625066
-4.1432953,1.8867453
-4.4594274,2.5300462
5.1557775,0.9416454
7.8344846,2.2749786
6.285718,1.8965524
7.7639556,-1.903305
-4.1825614,4.340564
7.4879556,10.799434
6.9183316,-1.0605184
8.052283,-4.2355695
7.5386305,-4.2319903
7.005023,-2.0689545
7.4260197,10.613406
-5.5452986,1.467943
7.493532,1.1293405
5.7548227,2.9010873
5.6763077,-0.19378296
-1.2007897,1.5412027
-3.7564282,4.3877707
8.596825,2.091546
10.607769,1.8004557
7.909502,-3.7153745
5.670115,2.556424
7.1913137,12.225211
6.423501,12.009658
-3.7650652,1.8209606
7.734417,-0.07601703
-5.5264907,3.497937
-3.002569,2.722949
6.698173,3.1131241
5.042931,1.9368728
4.8505883,0.0047462657
5.324526,1.4332528
-3.7981212,2.5722923
8.296793,12.335921
7.1995935,1.7515552
-5.2711854,1.4730053
8.030986,-3.5332885
8.140016,12.415153
8.9743185,3.0319972
5.959962,0.44221267
10.127847,0.9945353
6.7252307,-2.0792122
8.820803,1.6944561
4.9944553,1.3805802
6.1537714,2.299385
-4.725477,0.3863968
-3.1959338,2.0264647
6.3768506,2.0162034
8.049064,-1.8647038
8.19241,2.8666058
8.268995,12.202205
-3.4205685,1.564366
-4.6476216,4.357936
6.888019,-2.2944796
8.350134,0.46349084
8.224699,12.54874
8.177819,11.845326
7.898239,0.95323294
-4.1497507,1.8706607
7.4464455,10.171371
8.729238,1.8949625
-3.2867527,3.5791166
6.819501,8.225872
-3.9087336,4.7512746
7.2924137,0.1976437
8.163709,2.9484751
8.011509,0.6676967
7.7364326,-1.6927569
6.960633,11.9213
7.5000534,-4.2126555
7.9399924,0.6341089
6.8872814,10.29351
6.958828,-2.3909438
-2.436099,2.2997425
-4.15184,2.563798
6.9984007,12.174997
8.2015705,11.698609
-4.041112,4.4399395
8.296779,2.6620135
-4.7980356,1.9754893
-3.8469024,1.0238801
7.768868,-4.4295187
6.8049884,1.1387928
6.103686,2.5097067
7.053326,3.052937
8.783048,1.8429023
-0.55871737,1.2758446
5.4788213,1.1184769
8.088555,1.265077
7.0429754,10.872184
-4.5444293,1.0466636
9.701814,2.0878756
-3.5446455,1.9540315
6.694395,-1.6769447
-4.513094,4.63017
7.6304016,0.3248194
6.8109417,-2.1068819
9.559955,0.285436
5.601371,0.74082273
6.0425196,1.3425214
9.267674,1.3041567
6.2741337,2.15191
-2.9343169,4.3691463
8.715072,12.0494795
7.0993423,-3.8699424
6.550174,1.4370664
8.315707,0.52164274
5.28643,1.2530285
6.6618824,-3.9605353
6.8363676,0.15647405
9.798043,2.1635606
6.350954,1.7685561
5.085818,1.7667341
6.811497,1.1590012
6.1890435,0.42296517
7.815105,2.1389513
-2.8979437,2.7632463
6.8014817,1.1211915
6.656183,2.3223293
-4.132175,4.8848157
8.036276,1.9847343
-6.0650506,2.3566034
9.319264,1.5961858
6.3291817,0.45569625
6.486836,0.5390013
6.385512,1.0418057
8.025793,-2.0395665
8.395719,11.308931
7.431793,0.07552058
-3.4427032,4.5801306
8.006463,-1.3753672
7.12831,0.20025803
8.4771,2.0255644
7.2231274,1.059207
5.8294992,1.9391824
9.682734,0.4529257
6.323392,-3.2848144
8.0409355,12.5576105
7.3033104,-4.901367
7.9521017,-0.35333556
8.070856,-1.1553242
8.034763,1.6002026
9.901464,2.0898902
5.1144624,0.8149942
6.283203,0.3505666
7.339091,-5.113365
6.1746774,2.7073424
6.8647046,-0.7491629
7.1217,-1.8769169
8.404467,0.21656677
7.6325583,1.6565583
-4.651072,1.0415322
8.593694,1.3043815
6.465467,11.108426
-4.244379,2.7594054
7.6061773,-1.9023163
-4.6174636,2.2925549
7.6504946,11.507701
7.0461154,-1.1245787
-3.9665332,3.698269
7.0945654,-0.31855467
6.002702,0.858885
6.7295547,11.703197
-5.8546286,1.2729361
-5.096345,2.358977
4.8303695,0.3862983
8.694841,0.8250252
8.775671,0.3435823
6.273995,-4.0739465
8.262736,10.764105
8.333115,1.0405488
8.017459,2.4111452
7.9623747,3.0241935
9.190651,1.6611948
7.3933845,11.6013975
6.222611,-2.616473
10.07838,0.71424913
-3.303917,4.141688
-3.8234277,5.1193495
6.5962048,0.82964194
6.729715,-4.383325
9.264591,2.7768106
6.5377703,0.58341974
8.269089,-1.34332
8.7871065,1.0498188
6.1516004,0.38125893
7.3039384,2.9064057
4.8299565,1.4372519
7.9216943,2.6091983
-5.1238065,1.6102767
-2.906503,4.004715
6.0962844,2.3042414
8.365593,-1.1487315
-2.719261,-1.5429536
-3.8777122,4.86159
7.496118,1.3353109
6.669516,3.3229146
-3.830065,1.4678551
7.755581,1.3988699
-3.0120497,1.5288944
8.775041,2.5505574
8.77642,2.9864295
-4.01046,0.7288861
6.9643908,-2.0551379
6.605582,2.4520924
5.891808,0.9792743
7.4384947,-2.4624956
5.399194,1.0020505
5.881443,-4.3005815
8.273099,2.1227365
6.8271074,11.078131
7.7380905,1.4362016
-3.2231803,1.7097349
7.698966,-0.00035129994
6.116151,2.3016815
7.75056,2.6657753
6.4142747,-0.29900503
9.854923,1.8267386
7.3909335,12.019475
-5.045245,4.1159663
6.771909,0.22144128
8.536481,12.257387
6.9793067,2.3609197
9.255068,2.0824792
-4.932519,2.3414214
7.2623067,1.9632683
-3.7283072,2.12639
-1.0071481,1.328282
5.809365,-4.190425
-0.51637506,1.3159543
-4.2201867,2.4310858
9.197595,1.6791503
-4.053842,1.1817967
6.1604304,1.0779693
9.034996,-0.22026268
6.3812184,1.1138403
-5.675444,0.83798057
-6.16827,0.847159
7.818672,12.259036
8.776823,11.531355
-5.479254,1.1008466
-4.5790243,0.5131551
-2.699078,3.7903988
7.2396865,-5.116177
9.251361,1.2411203
6.607858,1.5731981
6.5477943,10.888453
7.059283,1.944309
8.752958,2.034975
-4.1940455,2.0291395
-6.397259,1.238282
7.962256,0.13809682
5.6437597,0.7725062
7.061616,0.8205803
-4.1709647,3.5104425
7.081647,1.1369511
-3.465282,2.246329
6.6397715,-1.9024906
5.689995,2.7813954
7.1011715,1.1983235
-3.3963234,4.4215865
5.010202,0.5871859
6.5482106,3.361166
7.525665,2.240034
8.939494,2.2863245
-6.1431046,1.4522914
-5.185658,0.60855716
7.369425,-0.080229215
6.4363527,0.7039756
7.0732145,1.5949911
-4.1165366,2.5204651
-3.5275357,4.9207377
8.642006,0.7123642
6.83924,1.2302002
8.661339,-1.4908664
7.409273,-0.97044253
6.712116,1.782796
-5.9662995,1.2088085
7.4204698,11.867246
-2.7163877,-1.7990265
6.047825,-1.7652899
6.285584,10.769185
-3.79427,5.2842755
7.8618765,0.2536132
-5.6249375,2.2913632
-3.574743,5.3770227
7.774173,-4.4658966
8.440607,11.936699
6.970337,11.235769
7.2224784,11.753244
6.6915092,12.209409
8.493884,-0.58009297
-2.6064892,1.7613685
7.663109,2.7839766
6.3333936,-2.7086124
-3.5790179,5.3788075
6.9387307,11.539135
6.4314184,-1.6028595
7.859508,1.8997378
8.724777,11.665947
-4.6624384,1.5015624
8.989075,-0.12957346
8.16275,11.920392
5.7885995,0.045593888
6.3696384,0.8273241
7.8413777,1.3778542
-2.8068733,2.4350593
-5.158552,1.787712
-6.0164804,1.5431621
-6.706032,1.5671725
8.576133,1.653983
7.7388988,11.481123
4.186929,0.7550729
-5.434599,0.29725254
-2.9929986,1.3925467
-3.067638,2.7591264
8.561514,-0.017623343
9.657131,2.2353559
8.28156,2.4527984
-2.9341364,4.4178324
7.8790426,1.2044026
7.018661,0.8029196
-5.1365232,2.4137387
5.112577,-0.44745052
7.037841,-1.3071114
7.712629,-4.6020093
8.822356,0.5055224
6.7042356,2.30138
7.0533805,-1.1293937
7.857265,12.058608
8.551642,11.622631
8.405958,10.79229
7.7423835,-4.3256817
7.675266,12.0492325
-3.0300121,3.7597013
7.9372926,0.45424226
5.4124436,1.5256344
7.1051416,12.303304
6.9542937,2.4469113
7.985768,2.8732805
7.2608314,-3.753227
9.007594,2.8912191
6.3848147,2.6785812
6.260953,2.5235023
7.498889,1.1286774
6.8452854,-4.9443655
-3.0242598,2.9563298
7.9442396,12.449249
6.57588,0.9841669
7.63494,10.06965
7.8268943,2.4729345
-2.4041162,3.472176
8.633622,11.519037
8.112506,-0.095047966
7.6585817,2.484668
-4.6692367,1.0787241
-4.3041444,2.9067569
-3.5259457,2.8149736
6.986709,2.1144023
7.91093,10.554991
7.066267,2.7609622
8.5388155,2.2454906
6.200884,-1.0094116
7.0201488,11.724962
9.783964,1.4096091
6.7696986,-3.7501771
8.250939,11.862422
7.3693504,-3.8156602
7.755917,3.068999
8.747461,0.51452994
6.9961805,2.3685212
8.191767,2.680105
-1.2452279,1.4807649
10.09881,1.0472369
-3.4028962,2.0443828
7.139923,-0.31620133
9.612884,1.5287385
-4.9868126,1.5527705
6.635288,-2.396166
-3.6288857,0.9167947
5.680487,0.5594521
9.794283,1.7198589
-3.3993363,1.1368032
8.8543415,1.7448195
7.102457,1.0481142
7.317356,-2.98677
6.526714,-3.061287
10.174566,1.5119996
-3.931311,0.77233
-3.7616208,3.9089637
8.4487915,11.801303
5.0570908,1.7177793
9.428268,2.6696231
7.175602,3.1120949
8.4458475,-0.015297827
-2.5708973,-1.6682497
-3.1262348,1.3126594
7.4827633,-3.9375234
9.013923,0.36406225
-4.6239223,2.3002143
-4.5645404,4.522683
-5.0834756,2.1529722
7.8954215,2.4153705
7.7044325,-0.12379295
5.8027415,0.94148153
5.832654,1.9239396
6.870644,1.6486167
9.175904,0.7549888
6.3128705,2.8365808
6.265863,1.4286876
-4.408356,4.3216243
-5.197166,1.576634
6.9221315,1.8584199
-3.6694584,5.576704
7.2994456,10.895032
8.151193,10.949987
8.100697,11.931381
-0.9737802,1.6796156
5.909953,0.1966463
8.164099,1.6626247
-3.0906672,4.7697644
9.048223,2.1423533
6.7800307,0.77547055
7.1689167,1.1429197
7.8076434,-3.263854
-3.4832275,4.205823
9.90164,1.5077623
-4.413722,3.5851693
7.2397623,0.3625475
-5.2509403,0.60355633
8.446644,2.2832274
7.5474243,11.322173
6.3267903,-3.516322
5.530429,0.6845605
-4.505911,1.4730731
7.3881254,0.9890119
7.1790895,0.59576344
-6.268088,1.3616308
5.8284755,2.6522148
8.721895,1.8277555
-3.531868,2.4203746
-6.408988,1.2043573
5.6511083,1.2342435
8.767556,1.6137186
-3.1427283,4.1053843
-3.3542469,2.568337
6.2371693,-3.149102
-3.5003839,2.659276
8.898002,-0.87244624
-2.6052232,2.750475
6.583084,2.8480496
7.4814286,12.349056
6.5437155,12.103533
-3.9581215,4.9870186
6.4140887,-3.0436077
6.985191,2.5037389
7.842752,-1.7738115
8.2390995,1.1669409
8.428956,12.445459
8.041768,-4.3155046
7.5469866,12.917946
-4.586558,2.0213919
-6.269242,1.8404357
-5.0419827,0.4125185
9.195998,2.2815716
6.7661967,-3.4227164
7.9078298,2.5817919
8.284648,1.4210196
7.9733434,0.5001242
6.8703465,-3.440824
6.762935,-2.8944724
7.3590064,2.903657
4.449532,0.6496218
-4.039539,3.016028
-4.9714637,2.8778133
6.7526426,2.5441418
8.235392,-0.4812355
7.9720774,-1.3771727
8.362265,1.0161806
5.440366,0.120758414
7.4343457,9.461511
8.213386,1.8592539
7.432164,3.2611961
-4.0341473,0.49637964
9.239184,-0.5030399
-4.625311,4.2061424
8.719404,1.4043063
-3.733408,1.8701868
6.0044494,-1.9134696
8.687678,1.0753846
5.416709,2.183483
6.7667713,3.3040118
5.7969794,-4.4970117
5.1067953,0.035073433
10.280291,0.62705773
6.540384,-2.3985581
7.4975996,0.6638966
10.575572,2.1587815
6.584587,-3.0842297
6.845462,-2.4882054
8.259051,12.707847
8.138059,2.2215843
6.265829,-2.8438005
7.4044085,0.8437885
6.410644,-2.2563524
7.19155,12.632306
6.6793237,1.3979127
7.4680724,10.830933
6.8948874,11.210494
5.128772,0.26570165
8.085779,11.696229
-5.887443,2.2164304
9.36186,2.8370166
6.537459,0.8305147
8.851479,2.0803144
6.315741,-2.828273
7.3370113,-1.6764588
4.4571753,0.41697
6.7439275,11.81738
8.423869,2.7706144
8.594741,12.209328
6.5099416,11.735663
6.477812,-2.3791602
-6.2385383,1.7023902
6.6428585,1.1168988
-3.3677974,4.2847834
9.839356,1.1786352
8.9839945,1.234284
7.0928307,12.41818
6.1565385,-1.4970102
5.837597,-1.0608225
5.6636257,1.24813
7.8936334,3.3778708
9.306535,0.14282456
-4.2029715,4.301129
7.11419,2.4889102
8.266622,0.17362691
8.127586,1.9623896
6.86472,12.259552
7.0778217,-0.38024983
8.721483,1.427212
7.884109,-3.9431775
8.291978,1.3002117
6.7804313,-4.65716
8.30093,1.5815952
-5.079778,0.6020907
7.7726235,0.8444101
-5.969346,1.7426882
7.9526753,-0.17445764
5.6252465,0.8374545
-3.0677292,2.6851432
-3.3987947,1.286627
8.782415,-1.4098539
8.909694,0.22029887
-4.9030375,2.1410363
9.629155,1.7533411
6.9013515,1.7896796
7.5297856,-3.9115722
7.0697813,0.14848627
7.465581,1.2494788
-5.4971256,1.7125938
8.30846,1.5155663
6.6080537,-1.4966623
-3.4476979,2.5434935
7.5657864,-4.1620803
7.6705456,-1.1470388
-4.664757,0.8730478
9.078295,2.5719218
9.553182,0.6839413
9.331809,1.5946224
-4.9986405,3.652826
6.8854284,12.287759
8.207274,11.719621
6.136505,3.0320835
7.7257175,1.6975236
-3.682802,2.8905425
7.0097575,1.8196603
9.676081,2.2679248
6.3180323,10.565052
6.7135224,12.374387
6.934998,-2.970161
9.250143,0.8756975
7.2990723,12.303085
8.324985,10.0295925
5.3605633,-0.3045204
6.1983,1.4803188
7.15033,11.833287
9.910427,0.4623505
-3.445233,3.2921426
9.390034,1.9422348
7.872834,-3.8904727
5.2422514,2.2795022
-4.684465,0.13237803
5.519491,2.4683816
8.484651,2.1258404
5.7439375,1.7146418
6.523744,2.3754127
-5.217857,3.0767593
-3.8151524,5.224636
6.0976458,0.9339631
7.801374,2.5066438
-1.2740568,1.5050304
6.8289685,11.912004
9.284877,0.9361539
8.147241,0.9678149
7.6827235,-4.553996
7.02776,-3.7687676
-3.2252517,5.0334496
-3.7857985,2.9428015
-5.3199196,0.40330786
-3.0846257,3.2250154
7.2108583,11.725974
8.15375,3.0984607
9.478792,1.3067517
8.20759,12.586952
7.952982,3.1884604
7.086373,-0.10645758
7.9100876,12.48834
-3.93056,4.2006855
8.332416,12.110146
7.215026,-4.459224
5.80867,1.2851045
5.9150205,0.45483676
10.021359,0.92747784
-4.2118945,5.3134
-4.817349,0.90364045
-3.4588416,5.437466
-6.0690393,1.6062716
6.297408,0.85836923
6.3652244,-3.011286
6.9475794,-1.8700405
7.6597767,0.4407914
-4.2369623,1.0934078
8.298615,10.926337
7.627485,-4.084888
8.686374,1.219996
6.429853,1.3141423
-3.4169831,2.664473
-4.5304575,1.18719
6.999733,0.5049565
7.1464744,1.3937621
7.2768497,12.485854
5.8237433,1.2314304
-3.4329238,4.369362
6.66522,0.4242586
7.5323324,-1.9561815
7.9237847,-4.333209
6.4118295,-1.4417411
6.469913,-1.5585663
7.762311,11.070682
8.6306,0.17698978
7.484515,3.1401286
6.5822363,11.27933
-2.5206609,2.9334428
-5.942097,2.0251737
6.324706,-2.9592621
-4.3416653,0.6631371
-4.8939786,1.7851131
7.624237,-0.015350556
9.05806,0.15040125
7.270752,0.68752944
6.584348,-3.007449
7.9874306,10.280691
7.6439977,2.1456757
5.7339683,2.5725634
5.6411037,2.564528
7.7720857,2.4616501
-5.380829,1.5973601
-3.8317635,2.5511925
6.343071,2.0164475
6.0364056,1.4780208
-3.1594872,4.816838
7.6460013,1.0289911
6.581804,-2.3330522
-5.3063903,1.4811738
-5.8028836,0.82428086
7.607097,1.2866315
-4.3406267,2.5243537
8.605704,11.588236
9.441829,2.0390248
6.5354543,1.506602
-6.6358333,1.7164676
8.114712,-0.4840483
-3.3152,3.9980195
-5.572184,0.97126085
-4.3906236,0.5911247
8.670815,1.8513808
7.6053004,0.61354214
8.232984,11.87836
7.34673,11.385172
-4.111132,1.8166485
7.7060003,2.4127955
-5.047739,1.7211318
7.8648934,12.829682
6.625185,1.6663297
6.7588263,8.48497
9.960601,1.3646138
8.327627,0.4042139
7.7521954,-0.32508856
5.6634007,-0.5758047
7.3969626,11.580648
-5.7545104,1.9333233
9.885317,1.0299659
-4.093341,3.8524675
6.928564,11.005731
7.3936677,1.9775295
-2.6576486,1.9849422
-5.90413,1.7548097
-2.6671312,3.3133469
7.0081987,11.223837
-3.9436872,4.390888
-3.0381308,2.277626
7.939846,1.6810054
7.220293,12.758501
7.066214,0.93417543
-6.4003754,1.0339658
-4.3288703,1.492465
8.636179,3.0470552
6.459166,12.439658
8.353358,1.509356
5.000558,2.0754733
8.140723,12.120054
7.598705,1.1312685
8.279454,11.898212
-2.899089,1.4971012
6.7273283,-1.0411333
-2.5566387,3.727829
9.191829,2.3250237
-3.3442142,1.2185286
4.7486467,1.171514
8.3797035,0.24006467
4.582788,1.1868227
-3.8415554,3.816571
-4.3034925,1.444504
8.621371,-1.5319185
7.467131,12.883289
-3.7633321,2.3900542
-4.0861382,1.1284418
8.170957,1.0193856
8.042156,2.7316103
7.2989326,11.165641
6.9943557,-2.5846865
-2.6788123,1.885902
8.715126,-1.0134264
6.545293,2.6416142
6.4462786,1.7291127
-5.0018144,1.4831315
6.030482,-0.48482293
8.485767,2.4180245
6.4519634,2.926564
6.4993806,1.2795317
7.169739,11.197029
7.654553,11.819973
7.515127,0.5370798
-5.0128264,3.6217375
7.2950954,0.8853912
-5.0524654,3.9255078
7.948067,-3.9157934
-5.018962,3.2040997
7.638587,2.1670046
8.75195,0.49758175
-3.8627684,1.0797012
5.612732,1.9785012
7.324232,-1.1699766
5.9496613,0.77960664
7.7182403,12.710223
-4.178694,1.4553419
5.9463325,1.5818361
7.9512706,12.205052
-3.6174774,3.9162498
7.177871,2.1475072
6.9534144,10.845877
-5.1910396,0.46357128
-3.0349863,2.0821476
-4.065977,2.7261038
8.160095,1.8763978
7.2039804,-1.6955789
7.59828,0.9925365
7.2102,-2.4824173
7.3159947,10.6343975
8.281781,11.3102455
-6.376782,1.6707402
7.6529555,2.5541549
8.743593,1.0047898
7.493847,10.463845
7.6551266,-4.0532537
7.9961576,-4.498823
7.1113257,2.5168262
8.6573105,2.7004316
7.701245,0.90264434
4.91402,0.59790516
7.165898,-0.22732416
6.6506314,0.36968347
4.400426,0.58129764
7.465643,3.577052
5.9090962,0.08459111
9.547253,-0.038088735
-4.495199,1.5362928
6.144319,-1.8153003
5.8027506,1.3124444
-3.5021799,1.5079427
6.62395,-2.7508085
5.8979573,-2.0442395
7.6421733,-0.18100277
7.91516,-1.5803261
7.8885484,-0.23929843
7.7845078,0.7140029
8.348041,0.4946821
-4.80587,0.56139493
7.3103085,12.310252
4.833833,0.80138946
6.402124,-2.7307632
-2.1521735,2.2362783
9.491432,-0.13478555
7.1742177,-3.8503256
-4.168115,2.0818567
8.286615,11.176139
5.3216763,-0.19996434
-4.0170264,4.8615828
-3.6182845,2.8000736
7.0537663,7.746694
6.947071,12.559872
-4.821498,2.784114
9.304121,1.2256205
-4.707469,1.437326
6.8480735,0.57730657
7.102603,-2.1651812
7.3363333,1.0819969
9.507911,1.8099024
-0.30845395,1.6788533
8.155876,-2.0338929
8.8639,10.9272585
5.09234,0.57811147
8.431716,1.50744
7.496426,2.447985
7.4135337,11.878112
5.21398,2.050405
6.7543125,0.3621364
9.7048025,2.1001017
8.656944,2.673315
8.188677,12.043097
8.969494,2.5418203
-3.79398,2.3300166
7.5540338,-1.7078083
5.812279,0.6512691
-3.5587122,5.012177
8.507036,0.93963957
-4.252202,4.875706
8.999254,0.9306188
-6.2435484,0.96315837
8.967125,1.9427826
6.723892,2.9734564
6.9913774,2.0044997
8.398586,2.1967454
7.283405,11.442685
7.268738,11.34821
7.4323235,-4.0038047
-1.6932856,1.9131936
8.132687,-0.08108507
6.8510575,-0.20114039
6.4149594,10.860212
7.870071,0.74052936
-4.0634,2.3031266
-5.581212,1.7914366
8.039188,10.521268
9.749628,0.6000562
8.273833,2.9872017
7.205048,1.607251
6.2045755,1.9167831
-3.1735523,2.4377158
7.345428,2.7347705
5.59374,0.9702547
6.5734754,-1.3520935
-5.3848734,1.9335413
5.0056405,0.7138592
7.0315337,0.25311938
6.9735775,2.1903703
7.051289,-2.7277317
6.5035186,0.0966847
8.137819,11.392333
9.5919,1.0805147
7.2045293,-3.3607328
4.7069106,0.57433736
5.288444,2.2763069
-4.1024637,1.8821878
10.04964,0.8743573
-5.5508327,1.7406398
8.451384,-1.8306475
7.5556273,2.1829717
-4.4522142,4.273207
9.182561,-0.15883568
-3.8975651,0.61988384
7.7128973,0.4861298
6.966163,-3.0348115
-2.9351974,3.812787
7.101607,-4.213071
8.32986,-0.09015735
7.2578096,-3.5617647
8.054406,1.0756352
6.8812337,-3.0557823
5.369673,-0.37987897
5.7370496,-4.1375604
5.8250823,2.4996662
9.116727,0.119014
8.219885,3.5336676
9.068753,1.5772907
5.3531218,0.5424386
8.773245,2.372717
8.11478,2.0638456
7.334432,2.150951
6.304247,2.8069706
5.413428,-0.91618806
7.5638003,0.71054476
-5.3628926,3.7739165
6.3637137,-4.5088296
-4.159482,1.7626349
9.675819,1.9140604
-4.4026065,4.091806
-5.1212273,1.4911468
7.790616,3.409015
8.869731,0.12575895
7.2813005,-1.9042941
7.7780247,1.603609
8.728768,-1.2555634
5.8609467,0.97842574
7.803384,-0.6041336
-2.9772725,2.2971728
7.772594,0.08514157
5.8864594,-3.675315
7.9893246,-3.990908
-4.5712547,0.57016706
6.7193336,-4.4749007
6.9650927,2.9536152
-2.4079785,2.5919647
6.538592,-3.0009701
8.0681505,0.29651925
8.00103,-4.9592257
6.757577,11.156272
8.27547,0.23551366
-4.371049,3.506899
6.8937416,-4.679322
7.195125,1.7144017
6.7668076,-0.56455326
5.76346,1.9136856
8.943148,1.8499801
-3.0769181,1.4218904
8.627223,11.258169
8.0700655,-0.47647154
5.316657,0.6076277
4.1599035,0.70924336
-4.864034,2.2539296
7.1238904,-2.8893766
7.30134,-0.6040012
-4.5075393,4.325462
8.088154,2.5330546
6.7462087,-3.8367848
-2.8577247,3.7444258
-4.068101,2.2640572
-4.8191857,1.3407421
7.7927856,-0.64533514
8.152176,11.433837
7.003076,-4.573647
-6.285718,1.4191707
8.343367,2.8992672
6.61874,-2.4196985
-2.7061038,3.8749292
7.9565597,1.3488983
7.478375,3.5115623
6.5940375,9.537912
8.018858,10.594537
7.854647,-0.043296408
-3.479391,5.0813856
6.8272467,2.1007078
7.9699574,0.93893987
7.9169803,-4.215712
6.1642785,-2.5738866
7.7615266,11.063442
-6.5396786,1.6883507
5.5900497,1.916983
-4.3990355,1.1729497
7.363264,-4.401899
7.328391,-4.7417436
8.982177,2.8533428
5.26327,0.7431441
-3.7942173,1.8557534
-4.1289186,2.8083465
7.547244,1.4611616
9.441156,0.34341294
7.3608174,2.1586902
-4.1878242,0.90662307
9.103782,1.8443489
6.278282,0.19434875
8.15079,3.59942
7.6333714,-0.09442951
5.949451,0.7392549
10.055093,1.4846035
-5.749809,1.3882858
-3.4589162,3.2668107
-3.5464084,4.6331587
7.0474067,-0.38731927
8.021538,2.2231658
-4.2859607,1.43777
7.858834,0.66255903
8.987405,0.27118853
-6.0387034,2.044964
6.8670354,0.7084212
-5.439949,0.54546565
5.6685195,1.2171212
6.0712376,-0.8139767
-3.0645378,4.857288
6.7250924,2.1819143
10.2283125,1.6475645
-3.8794723,3.2808015
-6.396018,1.7014761
-0.7373961,1.4751487
5.8277144,1.2933013
7.7775197,2.272185
-4.3154516,4.520847
-4.572155,1.3895093
7.092337,0.79774183
-3.6311588,1.4975122
6.1439223,1.225071
6.542931,0.6775394
7.343604,-4.702949
6.0642967,-2.9209254
6.8205595,0.8521651
7.886653,1.9967889
8.446164,3.1782854
5.416502,1.6928258
-3.7074714,1.1563799
8.994076,2.444444
9.422448,0.6843646
8.459171,-0.28124642
6.4972854,11.73735
-2.9702675,4.188008
6.930676,11.852854
7.000856,3.1953962
8.164171,1.8154763
9.30161,1.5850555
6.4847484,-2.8017743
8.689993,2.7822616
9.796926,2.2233756
6.656967,-2.988254
6.091457,0.07478264
-2.9718115,1.9878962
5.393761,1.4445214
6.8455224,0.6825928
-2.6634371,3.8789165
9.09893,-1.197471
7.1122723,-1.0108969
7.2500753,1.0572047
-4.3397775,3.1373537
6.159061,-1.7446984
6.536003,2.1311338
8.092324,-1.7346183
5.683889,-0.6901592
6.9242077,-2.6591692
7.6996675,3.0280282
7.721308,-2.8018565
7.6911316,3.2387228
7.2604513,10.344286
-5.288034,0.94686645
6.613753,-1.2530806
8.813107,0.9552583
5.6316996,2.470077
6.335128,0.17315915
-2.8994212,2.3920987
7.489719,0.2081447
-3.867701,4.8173985
6.491926,-2.3524
-5.075079,1.5761197
-3.814713,0.98534936
7.294994,1.822808
8.713927,3.3866966
9.198326,0.8831569
7.8333063,11.561537
8.080078,0.64528024
5.226058,2.2563457
7.9672246,1.6751779
7.1370945,10.737253
8.049807,-1.2037581
7.2942867,1.7497395
-5.6495037,1.4788655
5.5822487,2.3561616
7.4181905,1.0055104
9.678645,1.6636906
6.1041603,1.0513538
9.64803,1.1795665
-4.046813,4.4105573
7.812086,12.023543
6.036002,1.2620667
6.222037,-1.0468335
7.1286554,2.1627736
6.6559315,-2.809902
-3.5151346,0.26315
9.400949,0.99327534
8.770245,1.0532695
7.349906,11.926776
7.983459,11.918021
5.891378,2.2621434
4.862195,1.5437796
7.47324,0.5825963
7.1650476,-0.48525557
7.5769887,-0.8774494
7.8987603,-0.71007365
7.615512,-4.6773562
5.2252746,1.1709578
9.449395,2.7334242
7.9484353,1.2686039
8.963967,-0.8599549
7.4528737,0.4587218
6.4803915,0.59356207
7.113051,1.1339314
7.0304427,2.8150053
9.449993,1.3010799
7.599364,1.5994203
9.295283,2.1508322
8.288574,1.3676331
-4.0520678,5.222577
8.655335,1.6485081
8.161188,0.7309395
-3.5086837,5.25424
-5.066819,2.080469
4.63726,0.5877262
7.7750635,-1.7889081
7.142731,11.405698
-0.7668969,1.3505665
-2.8404922,1.4576705
8.689901,0.4326686
-6.6270566,1.557426
7.351848,12.610298
10.309472,1.457846
-3.0386658,2.240676
6.107544,2.802448
-2.641352,3.8003788
-3.9901824,4.6902037
5.132952,-0.08767392
7.913896,-4.354817
9.956987,0.30280656
7.1907983,2.594558
7.8466105,1.2375997
6.5552144,1.5925541
6.477594,-2.4620478
-3.9254303,5.5025187
-3.9233499,1.660486
6.655834,0.28166953
-3.2885168,3.2307687
-3.190243,3.034155
9.874142,0.9986939
8.436342,1.443076
-3.6415844,1.8226131
9.672014,2.2342062
5.8392015,2.0306492
-0.58488876,1.393111
7.640646,-1.8839052
-3.146831,5.3197613
-4.926822,2.3842285
7.1598945,11.966442
7.054765,12.44622
5.3164825,0.7667773
7.2941427,-4.346648
-3.7497964,2.7885683
7.8519683,3.1009877
9.057645,1.9743325
8.101055,-4.5905123
5.7454257,2.1843228
4.9287896,1.8591518
6.8772964,3.0492318
6.559091,0.6584032
6.541718,-3.4506733
7.1186996,10.426073
6.449641,3.3972359
8.509597,2.997301
6.4760365,-0.12336813
9.01549,0.7071518
7.5665154,12.162039
8.725726,1.4586295
-3.4565525,4.7567434
-3.3401005,5.070728
6.500789,12.102266
-0.5270709,1.4033617
-3.4674306,2.8275013
-4.0311337,1.600585
-6.1960597,1.7910343
7.648234,12.672681
6.2987065,0.05181823
7.426743,0.23704256
5.0788603,2.5485756
-3.751959,2.8413186
8.181118,3.2634056
7.9281116,2.640088
8.52461,11.530101
9.389232,0.51961106
-2.525391,-1.793523
6.997172,-4.2941236
-3.1422582,2.0037966
5.8444123,2.406408
9.504707,1.0515226
9.348984,0.87185645
8.533008,1.9449074
6.7431145,3.0089438
7.3210483,1.8976861
-4.3474116,2.6898794
6.9863415,10.375204
7.286719,11.242644
6.656573,2.2640398
7.0471673,2.3615587
9.356775,0.3801088
-3.5322683,1.5811198
7.859237,11.2875805
-4.736834,0.43999982
7.561427,3.1339808
6.6242366,1.8119711
8.0598135,10.337883
7.766265,10.824067
-3.0468087,2.6928642
-4.1697226,4.6876583
8.499563,-1.8055431
8.119927,2.0184798
8.245298,-1.8971326
-4.1536446,4.9099884
-5.118792,0.58147305
6.2432427,-0.7819761
6.6120205,-4.574593
-4.9659867,0.65891165
7.7917576,12.348557
5.9967523,-0.5857903
8.231604,11.279848
6.565486,-3.1614254
9.892849,1.7593287
8.620658,0.64961785
7.035128,1.4840906
9.77746,0.23580238
7.1512113,2.2234092
6.5570593,1.112186
-4.778043,0.35689515
7.554128,-3.5407739
6.69074,0.0009220126
-3.6703343,1.9676558
5.7145076,1.6202217
7.3976293,-4.9338803
-3.6827848,2.4909134
-5.9300003,1.6962036
6.392635,0.28318077
5.5967636,1.7430581
7.006471,0.6013266
8.380334,11.996272
8.592674,2.6629407
6.766169,-1.374153
7.5859084,11.928436
7.854425,10.805423
7.9146423,2.006181
7.6329455,10.993914
6.334283,1.6399068
7.7964754,12.794154
8.968579,0.7920058
5.886627,2.45758
-6.5255294,1.440272
7.1541,-2.4005754
-6.070253,0.90763044
-2.8023322,-1.8721639
-4.082749,5.101833
-6.382096,1.4149526
-4.8715034,2.0229008
6.155973,2.4353666
9.373064,2.3710535
-3.3136048,1.4879396
6.5568056,-3.8993623
8.828534,1.3589169
-1.3969063,1.634251
9.397088,0.34374025
-3.3456802,3.4237068
8.070767,0.4925394
9.7502575,0.21909128
6.1741624,1.6264046
6.3613563,1.4278928
6.45906,-2.8844895
-4.2684813,0.5977304
8.326315,2.1933331
-5.479518,1.9636879
8.827839,-0.6724665
-3.7359514,5.3933825
6.427681,2.577872
7.9117074,-4.342324
6.9786663,-2.0398183
-3.1366198,1.5418485
9.461696,0.34156334
8.751602,11.1193
7.6157775,11.250261
-4.1511517,2.3179889
9.188884,1.2005587
7.3704576,1.4947765
7.679867,-0.45013288
7.601372,12.105775
-3.5292737,4.7055864
8.540065,0.26091242
-5.0810966,2.2750242
-4.80801,0.5510879
8.052463,1.8643143
9.641849,2.1093168
8.2409525,1.3693796
-4.4526978,2.3973105
5.551755,0.95156926
5.807453,2.6247067
8.208861,-0.13669172
-3.3409164,2.132116
-3.7508032,4.6074953
-2.527835,1.9345609
7.8295527,0.34059957
6.795795,12.285371
7.283408,10.889387
7.336191,11.611121
7.889617,12.307007
9.075017,0.95008564
-3.4809685,5.4865937
6.3711176,12.357452
-6.7810283,1.5537857
7.161232,2.2176797
-5.922578,1.3226404
-6.058249,0.8720941
6.84346,2.020155
9.478209,2.569707
9.672131,1.4163359
7.1426983,2.0156136
8.557064,-0.88478965
-2.647298,3.7610364
-3.1988904,2.911173
8.680279,0.87462384
7.620682,-0.29450902
5.7266827,0.4334117
8.467919,0.72988105
-1.6878185,1.6888703
7.8966737,-3.9421718
-4.121857,1.2028747
-6.569445,1.6397161
7.666385,-4.713813
-3.3229935,1.4180775
10.199757,1.3502389
5.141128,1.1121688
-2.7240183,3.3972943
8.9141865,0.48350355
8.071595,2.7704687
-3.0610583,1.8877021
9.553649,1.3084381
7.1891937,12.023789
-4.1517777,4.435743
8.030151,11.34601
5.6660886,-4.4149437
9.743588,2.8108397
7.8284035,-0.92124766
8.380575,-1.8712447
6.5232615,1.474003
8.522911,2.6486368
7.1068683,1.3321649
7.1002936,2.7185857
5.85167,1.3455585
10.198722,1.4266975
6.148978,0.5460213
7.8701463,2.5030787
7.9221764,-4.7991686
8.270932,-1.6020404
7.8986187,1.221754
6.6143336,1.9062799
7.3766494,-0.95616364
6.934795,1.6829412
9.560369,1.8527685
8.377971,-1.8412883
7.4634857,-0.2215756
7.4451447,2.0319989
7.2932334,2.556294
-5.0878243,2.0055783
6.1594214,1.9155556
8.12364,12.381684
8.9275055,2.6032548
7.6867723,1.3920202
6.1357737,-2.8954294
8.452107,-0.1375399
-3.5728686,2.4667747
9.000431,-0.7820323
7.4767094,-2.024219
7.241849,-4.589984
7.082851,-3.0850859
6.8500996,3.316457
5.488709,0.82458633
-4.017853,1.2648848
7.2456346,-4.125608
-4.351016,4.0659494
7.717076,1.8498783
8.276966,11.31616
8.537048,2.1053286
7.4216695,1.5467418
-4.319878,4.930905
7.9569306,0.5500358
6.870347,8.080715
8.444238,-1.0339053
-5.1001277,1.298567
5.9858365,1.3502163
6.84165,8.185508
7.0683765,1.5760463
8.059929,1.6902207
7.65219,10.113464
7.3463397,3.1068692
-4.160275,1.9036592
8.655785,2.4016643
5.04854,1.9468123
6.6220317,2.8650389
-5.1920233,0.7812332
4.898793,0.8257748
-2.9575908,-0.9615693
7.129014,2.2057161
7.848274,-3.6932564
8.699019,2.3764944
8.574801,11.744912
7.5180855,3.157031
6.4118285,-4.562846
6.904015,2.4890847
7.7712774,1.0610864
8.722402,11.11002
-6.588624,1.2765512
-0.57414776,1.6933035
-3.5602212,4.4888678
8.687072,1.0099293
-2.4338078,2.521993
7.0669794,2.7369766
8.532137,11.247052
8.016856,-0.15338536
-3.254226,1.711974
9.284959,2.4558249
7.5920844,1.7132528
7.659814,0.6256893
8.359334,2.3828528
7.4153924,10.649749
9.730105,1.8191649
5.17351,0.3684401
-5.341578,1.5228134
7.2961597,-1.1713696
8.347841,1.2223773
6.2267795,-1.6645317
6.2801843,1.106218
8.000043,1.1024336
-3.5360935,4.6383295
-3.3485625,3.848542
5.833703,3.026017
6.879399,-2.4243965
7.201813,1.6393845
-5.5432167,1.7134724
-4.6358747,0.5673573
-5.778962,1.0482765
6.1919665,-2.764672
7.554572,0.6442799
-5.2138634,1.8228824
8.406258,1.347193
-5.7271943,2.087995
-2.7518523,-1.5302268
7.3941483,0.757219
-2.9514978,1.6368167
7.1818104,-0.10817678
-2.93029,1.9233397
8.009026,11.350829
-4.8197155,2.5227077
8.727622,0.59488934
9.078091,1.3241861
7.355536,0.5878091
7.1253347,-4.7170014
6.493588,1.4733611
9.337647,1.2368826
7.96389,10.987195
-3.7778335,1.0554123
7.616529,2.4389231
5.205929,1.8888332
8.156705,-1.7765054
7.222538,11.615043
9.40356,1.3896084
-3.095487,2.932123
-4.578662,1.6194333
-0.6907725,1.4544493
9.621703,0.12066334
-4.4194007,1.7683934
7.411293,-2.7955186
-5.4847145,0.78836817
8.451346,-1.5925044
6.2429895,1.0836434
7.2974916,-4.483901
8.485087,1.4185535
8.7490225,10.670218
6.487447,10.972761
-2.9120972,3.4675214
9.46417,0.5086303
5.1211495,1.6093236
-3.91382,2.542094
-3.3404202,2.2063007
7.615386,-4.405427
7.343321,1.8773485
8.491984,1.6766208
6.667424,0.46659127
8.341652,0.837235
7.6598043,3.0404541
8.662368,1.9461628
6.5790067,-1.9106954
8.014348,12.174021
6.729143,1.4134892
-6.587523,1.3460128
7.278011,-1.1751121
7.0943465,3.2301762
-3.1734316,3.638257
6.847078,-4.504403
9.10041,2.3586152
-2.573537,2.0307481
7.533284,1.3023546
7.963999,11.149436
6.105456,-1.7865756
6.7714996,12.654963
-3.8928115,5.3600383
6.693803,8.845031
7.794385,1.1867477
7.244334,-3.7851567
-2.6848104,-1.5716972
10.361008,1.9626415
5.559416,2.6113298
9.008508,1.3558573
-4.186321,1.479087
5.491988,2.204811
6.82858,0.94388425
6.246806,1.7791923
7.274218,-3.854578
8.996915,1.4467696
8.820012,1.1710428
7.9772058,-1.6280106
7.8456807,-2.8724952
8.268132,0.23833767
-4.456625,4.405575
7.339772,1.8181658
5.9985075,1.5185589
8.26574,2.300106
8.697154,-1.3388827
5.892853,1.4657985
7.301713,-1.577343
6.691604,0.6384022
7.3772264,1.2079238
5.65562,-4.4971023
6.339739,0.9236569
8.113058,-0.52080685
5.9221396,2.7245162
-3.2990746,1.4904401
-3.3889778,5.421217
8.418213,12.243874
-4.560309,1.9999869
-5.793074,1.2154832
6.2801347,-2.9722197
8.059335,1.0393827
9.119301,0.3962821
5.9082885,2.692576
6.1432424,1.1499729
6.1496577,2.0201867
6.111277,0.6340462
-3.6341345,1.4109046
6.067024,2.2218664
6.5649915,11.99826
8.276445,11.169197
9.147146,2.1866133
-3.6311393,2.20335
7.9842243,2.4205081
-4.8081026,1.1541733
-4.461898,4.5556087
9.422994,2.6901352
8.509522,-1.1773522
7.6339736,1.8091807
-0.34780908,1.5998578
7.0138545,11.398089
-5.428773,0.7423062
7.5597343,12.379716
8.676869,-1.0607806
9.019597,0.9093588
8.204134,3.0591123
7.583297,12.307336
8.261498,2.4303067
7.9190664,-4.1413307
6.9241543,-3.299256
7.855257,1.7075249
7.097228,11.1283655
7.521741,-0.45149016
6.0826426,1.3414292
6.7796173,-0.39993787
9.320068,0.7221561
-4.130889,1.1375352
8.255136,-0.7903433
-4.8527026,2.0665438
6.3598247,2.544957
-5.068608,1.4875064
8.108658,0.2463492
-6.558239,1.748832
8.449918,12.58301
7.709841,3.3425667
-4.9427047,0.26648715
-2.5368042,2.6519063
7.131929,12.312409
-4.409359,0.5960243
7.631197,2.357863
5.7085876,-4.1982803
8.948125,2.1977348
6.0403914,-3.9959853
9.793171,1.3259472
-5.7897353,1.1545941
6.668129,-2.659932
7.9699097,-2.3440979
-3.2816298,2.889561
7.6232677,11.31508
7.3645477,12.74567
7.118776,11.072997
6.938342,0.9459372
7.7283025,12.28925
-4.4847536,2.4218144
-4.7144804,0.95211005
4.8868055,1.2523469
-3.8554995,4.946015
7.9502044,2.246051
6.7352695,-3.1307607
6.6003227,0.93430823
6.2886662,-1.9527782
8.278407,-1.4876027
-3.9607232,2.1131034
6.512465,1.633608
-4.6615095,1.0510789
6.771079,12.02098
-5.689391,1.3138331
8.243345,11.247733
-5.061543,0.7053989
6.417985,0.773743
-3.0731223,5.07267
7.4664383,1.3815887
-4.1878743,2.6529293
5.3773355,1.509482
7.2288775,-4.238828
-5.542098,1.1169126
6.525478,0.7024049
-3.9574046,1.751073
7.060914,-3.3920138
6.24269,-2.0630696
8.685439,0.017486665
10.282594,1.5862117
6.081426,1.7165684
5.3069415,1.9544613
6.423507,-1.7331806
9.556704,0.6062857
-4.6926384,2.2439694
4.517471,0.3804745
6.33822,-1.0964606
9.492682,-0.5415733
5.8406487,2.7385554
8.785007,2.1597178
7.965215,3.3714511
8.044637,10.087992
6.2399697,-2.9887714
-2.6737158,-1.7251378
6.318917,-1.4030442
7.3397975,0.92865425
6.414882,1.4697542
7.331766,-0.051356427
-3.1482825,5.3989973
7.316865,1.1414557
-2.9238386,3.2244723
-3.0479228,3.1247735
6.85688,-4.996132
6.4014874,-0.6685931
6.3970246,11.76409
-3.9782288,3.5853324
-2.771215,2.2681575
6.87088,3.2878644
6.0030217,-1.249571
5.6127234,1.0079839
7.861016,-0.49893343
9.850513,2.0057344
8.314209,11.933921
7.637403,-1.5212238
8.731013,1.1344347
-4.939891,0.69304883
7.000022,-3.8017118
6.4226375,2.7850468
7.6953244,11.811055
6.477671,1.4932927
-2.8961256,4.745922
9.072246,1.2318982
6.9893875,2.2380438
6.7656817,3.0797038
9.274922,0.52274585
7.350561,11.968283
8.295197,-2.704015
6.6906886,11.137842
6.4605303,-3.5788593
4.7712526,0.37076133
7.1800785,-4.901468
6.1236777,0.05157918
6.286486,-0.1225358
6.391063,11.187677
8.132956,-0.4828746
-0.8645203,1.3868666
6.2973847,0.9438053
-2.8319492,1.6642281
-3.2001202,4.5552125
7.21106,12.3208275
8.284956,-1.7906976
6.473792,-0.40667513
7.5436945,3.0849955
6.6317263,-3.9265597
5.883393,2.6006048
6.6882925,-3.516425
7.6504655,-5.0131135
-2.4198236,1.6852251
8.884293,0.5624052
4.4056344,1.1117619
7.52601,-2.2803638
-3.5520625,5.282438
-3.421767,1.3001723
6.028803,2.0954206
-3.2433934,2.853578
6.9626017,-2.1683679
9.586661,1.7880654
7.1721582,11.267698
7.9310703,-0.122355916
8.908702,1.5511339
7.0229,12.697471
-4.093499,2.5427976
-3.1457825,2.101232
-2.6167545,-1.745314
7.326117,10.5884695
6.0338035,1.2386501
-5.24725,1.0037159
7.5374117,2.717125
8.872613,2.7377212
9.339117,2.658303
7.207705,2.834239
-4.798749,0.73137075
8.037759,11.55914
-3.9099095,1.4103308
7.6698933,-4.2594824
-6.011742,1.7032837
8.182342,10.536312
7.770599,-3.720473
5.116339,0.7825065
-4.4150467,2.1534936
8.772742,1.2166306
8.382054,1.6551616
-3.4314456,1.2327844
-2.9632857,3.369379
6.331444,3.0171633
-3.1432872,4.3576508
8.683091,0.13426837
5.7694283,0.93420815
-2.873613,1.2263315
8.868422,0.71131945
6.6425214,0.65723866
8.534795,12.567354
7.5298476,12.659892
8.211122,1.199849
7.0444307,0.108900376
7.4185643,0.23463097
8.288261,0.9811638
7.2575464,-4.280694
5.64616,1.8387724
-3.9794667,2.7726429
8.06428,-0.59854144
7.382477,1.489735
-4.3366184,1.1658272
6.9273663,-0.031521242
7.2486544,-1.4060464
7.4758344,3.2009447
7.7517233,1.9532802
7.850652,-1.3819743
6.903087,-0.14116444
-3.9720223,5.367243
8.687326,12.170578
-3.6343052,4.699822
5.5334687,2.4185991
-4.7665315,2.961754
-5.7641153,2.03287
-5.470534,2.5315151
7.641191,-0.09100665
5.720819,1.4735847
-3.3890216,3.3261786
8.858688,1.4801054
8.105393,0.23620664
5.8355217,0.4560351
-3.5325058,3.2746387
6.9609923,-0.9175448
8.395878,10.578441
5.7772884,-4.1077976
7.707242,2.6513255
-3.770624,5.074957
6.632444,10.613671
6.863062,-0.6225582
8.27164,12.099483
6.565201,-3.9921496
6.093403,1.8151284
9.526061,1.698222
9.921479,1.3566678
7.439599,11.373774
9.121668,1.3111899
-5.686261,0.61957115
7.442422,11.989208
5.721105,1.0175618
-3.7990549,1.1743532
9.496479,2.8539495
9.28925,1.4615443
4.3693795,1.2621456
-4.3624067,1.9968022
7.167264,-2.9699183
7.608466,2.237757
7.543378,0.70410335
-3.8781958,1.4598567
7.410479,12.27529
7.3293447,0.46633843
7.522728,-4.548191
9.613733,1.2940607
7.026698,12.208207
9.407473,2.3205261
6.088606,2.5771525
7.5995636,-4.8241715
6.5735164,9.569348
7.161669,-1.549116
8.542545,12.344459
7.5776167,-1.0061142
8.498463,0.63703555
-4.4601235,2.3666847
7.024558,-3.154642
5.378747,0.33958966
7.7975945,1.410491
5.693112,0.83953786
8.686184,2.362784
7.9782925,12.558225
8.616955,11.558474
6.4268517,-1.5147938
7.347597,-3.9692056
7.746545,1.2595929
-3.3973522,5.160328
5.552329,1.5950625
6.212682,2.1378229
8.145394,1.592043
8.338544,-1.8474574
8.044521,-4.0227747
5.0802164,1.5221539
8.423005,0.041793678
8.476655,1.6536372
6.836884,-2.0408514
-4.2643433,3.0035222
7.372288,12.04013
8.291853,0.54590887
7.598481,-1.4902747
8.650796,0.83580416
7.0071197,11.548645
8.4165,0.13560815
7.8275275,12.380811
7.772106,11.522831
-0.28242183,1.4570302
7.3792505,-1.5587177
-4.9817066,2.2035182
7.450056,-3.3693645
6.052952,2.8781602
7.567102,10.62732
9.014339,1.0608025
8.530008,11.350072
7.7196956,2.9350877
8.522618,3.1451159
-4.1623435,5.138406
-3.3259494,1.6697985
6.0418067,2.4806411
7.2366757,0.20591578
7.2476387,2.8384435
-5.4130864,0.74827135
7.9353056,11.85151
9.6482315,0.9391622
4.187218,0.85819227
7.009201,-0.43753263
8.118001,-2.0499284
7.4112096,-4.2195954
7.6756697,-4.7971826
6.8927503,1.2552903
5.2110906,0.10776157
-4.014553,5.4805317
-4.0773435,5.4135127
-5.386959,1.2268122
-3.4091454,5.5081787
6.670055,-2.1153827
6.2874794,0.6167486
8.3708935,2.5394683
7.632083,12.495607
7.237447,0.16882163
8.229867,0.8393079
-4.120755,4.984072
-5.6522245,1.2542864
-5.4267244,1.555974
8.86574,-1.014073
5.5059476,-4.2527514
-3.6932824,4.1272
7.9266915,-1.0691932
-4.5903616,0.364665
4.5945306,1.0356867
6.821681,-1.9627082
7.466931,-0.85870695
5.5368547,2.4854584
6.6140933,-3.9292333
-3.235552,5.2260423
8.59708,2.6302469
7.260787,-4.1097236
7.0282974,10.469065
7.7445,1.2536179
6.8342223,10.961312
-2.6986878,3.2068672
7.9985495,11.530423
-3.8943126,0.9104209
7.1300893,2.1333776
-6.2902064,1.8241829
8.869383,10.769999
6.926592,2.7539527
6.0992703,-1.0949506
-5.7156353,2.3604803
7.034871,-3.6363986
7.174012,2.2979815
6.7604713,-4.6945868
7.285289,1.3110758
6.8335304,-2.6364353
-3.499763,0.90041804
7.640948,-2.0429077
-4.2470546,4.23066
5.682908,0.32410857
-5.9463267,1.3752884
8.501394,0.31244054
5.165922,1.2394876
-2.659963,3.1203325
-3.3846734,5.261592
7.963462,-1.4699883
-3.4672558,5.2045918
8.094864,10.936634
6.572679,-1.6358899
8.250195,10.86599
9.172152,1.0395297
7.6932225,-5.04594
5.3699775,2.609587
7.761723,2.0167687
8.219497,-1.7158676
7.685068,11.68235
8.55561,-1.8432776
5.440313,2.789863
-3.1191137,3.7548897
6.304607,-2.5271509
-3.1199281,1.4357595
8.030597,2.679974
5.620249,1.5268304
-3.842554,3.2414665
7.832212,1.6357627
8.071816,2.6407027
-3.04621,5.0376525
7.9891367,0.47533676
7.653067,0.52125293
-3.0276732,1.7727855
7.6917834,11.775878
6.843762,1.822121
7.354357,11.190071
8.831485,2.6592004
7.286009,3.263937
6.830983,-3.0516374
7.965288,1.4006897
-3.8531318,1.8232818
7.7230573,-5.045325
-3.9707162,4.889994
8.190316,1.1137269
-5.9153953,0.7449703
8.591245,-0.5205201
7.509929,11.460807
-4.984351,0.9193508
7.297692,0.7773501
8.383861,0.72410876
7.872861,-1.2696005
5.523599,0.09193005
7.9284177,2.0973358
7.086992,-3.3985536
6.357433,-2.7737138
6.708632,1.2381643
6.4421062,-2.1808789
6.4049397,-0.7545914
-4.5216722,4.2621727
-3.999219,1.4482195
9.123679,1.455587
8.401418,0.46119437
10.041905,1.6296834
8.252657,11.718116
8.47407,-1.1648003
5.6199517,0.18779156
7.5138655,-0.32033944
8.6619625,0.9095902
-5.26166,1.3639013
6.5298715,2.3267763
7.5873184,-4.211164
-4.7526603,2.1021645
7.650026,11.059858
-5.3669233,1.5611154
7.6147704,-1.1313739
5.511306,2.6591175
6.7863073,11.902712
8.067648,2.008193
7.1687403,10.975504
7.878211,2.1271844
6.8540764,2.6799366
7.917339,11.043978
9.287619,0.67398393
8.831122,11.817797
9.218926,1.9061184
7.3404884,-3.0664551
-0.7565919,1.3246219
8.8603,-0.38793588
7.06165,1.1182691
6.761802,-3.2832403
-3.5643163,5.0563254
-4.297698,0.5476363
7.7544703,12.502292
-2.9576938,2.1577237
-4.7572827,2.3133833
-3.0228546,4.085099
-5.905986,2.4750047
6.1857047,-1.9903251
7.840561,12.334068
8.759558,0.9385179
7.7256284,2.9546883
6.644848,3.517862
-4.172903,1.0706207
-2.5253108,3.0357387
6.8976474,-1.9661278
-3.3687227,1.9152665
5.787319,1.913081
-3.9845154,5.5785336
-4.398871,4.097369
7.5282083,-1.2451577
7.067536,1.2450746
4.0891137,1.0170773
6.5289817,11.827463
7.0844374,2.1604254
6.876996,2.0583336
7.5803375,-2.7995944
7.8934608,12.172499
7.946258,0.4071973
6.6309786,3.249683
9.887889,1.8971977
7.109837,0.5956141
-5.301851,1.1300049
10.243089,1.960648
9.916956,2.3839633
-5.635758,1.6573966
7.4150248,0.15594248
6.280266,3.051732
6.8294144,11.070698
9.28874,0.10435598
8.0240965,0.8352681
-3.068786,1.4234364
7.627753,1.8199568
9.37529,0.48339176
9.807834,2.41334
6.2176566,-0.85913223
4.872046,0.5983107
-4.0534735,5.0735064
-4.658005,0.26153895
4.374046,1.0375621
-6.5616775,1.897306
-3.697417,1.824232
9.400502,2.2518203
-4.08171,5.0992455
7.5281854,12.348065
7.502463,2.514297
9.36842,1.4404325
6.6141005,-4.57058
6.412569,1.3847947
-5.3263097,0.6409338
6.9465423,1.4235706
6.5871797,0.2586921
7.772137,2.2471602
7.523621,2.2656505
7.658973,-1.2455734
6.424008,1.9315553
7.8644753,11.540085
-3.325141,5.0992785
7.961293,11.568614
-5.350677,3.4993064
9.477869,0.80235004
8.410152,12.592854
5.9290295,2.6673765
5.8582387,1.2938064
6.9839587,11.680103
8.679782,2.6832116
8.5070715,0.7041658
9.405033,2.1411107
-5.275752,2.3927803
-0.3164882,1.7655039
7.661448,-4.5265007
-5.082918,3.7501159
8.80677,0.43822023
8.111947,1.6141278
7.8553386,-4.1326756
7.3197,0.34512272
6.9597507,0.9899465
-3.9020176,4.285399
7.329509,11.5063505
7.521869,11.592143
8.479095,11.613938
7.762724,0.9155098
6.7183485,3.4758139
7.5532317,10.918724
7.1778846,12.754343
7.4778433,11.705731
-3.5681455,2.6464403
-5.3839016,1.2481381
-4.7766256,1.1525073
8.301249,11.519741
-3.3184972,4.9519215
9.061921,-0.4502028
7.120301,0.604194
-4.6731105,2.317327
7.9393315,-2.1729667
7.1732273,-4.7514358
7.137286,0.5337701
7.40264,10.525403
9.136252,2.020041
-3.4721153,5.4078383
6.0621567,0.70358795
6.77542,-3.8534074
8.71356,-1.4878032
7.015415,1.2296982
-5.9151707,2.0433176
7.6126256,-1.0708562
-3.3341002,3.7278943
9.850157,2.0456233
-4.3851495,1.7405264
4.199052,0.74312913
6.374438,1.9140555
6.6783504,-2.1014502
-3.8029628,2.9237971
6.2116766,-0.13180718
7.983463,2.8823254
7.992507,12.129736
8.361347,-1.4999077
7.5641704,11.333139
8.473324,-1.5653404
7.7482724,11.572043
7.531275,-1.4389334
5.2977395,0.20817542
-3.6048036,1.7389712
9.46735,1.0366462
9.664711,2.636891
8.157195,11.673469
-5.4607654,2.7243667
8.019028,-0.31906626
6.790161,-4.5608807
9.218958,1.5201706
-5.5486326,2.9558146
7.9705167,-0.28743485
6.3446074,2.182958
5.889101,3.036606
8.0011835,-4.4862337
-3.563098,2.4516013
6.705747,1.704802
6.5943685,0.89745796
-3.754611,3.1517293
7.028121,-5.0012546
7.5460877,-3.3395069
-3.829242,5.411518
7.1310143,12.743564
9.207322,1.1667236
-0.6437376,1.6463612
8.774686,1.9544425
8.668311,2.7688835
8.588327,-1.5422672
7.508951,2.7718432
7.2584085,12.865257
5.84426,0.45328265
5.5263944,0.4749801
6.8249526,2.4078333
-4.4263735,5.1619444
5.830369,2.3836927
6.5283837,-2.6238608
-4.123599,4.317587
7.5301623,1.5478766
6.322161,1.0412842
-3.7460861,4.24969
6.219649,-1.1928114
7.710801,11.303454
6.3976846,-0.5703905
8.041917,11.651731
-6.2698016,1.9908816
-3.4765384,2.0171347
-6.407867,1.2946577
-3.9287355,3.8922207
-4.88443,3.6526494
7.717045,-1.6479793
7.0408063,-2.4110866
6.9332757,0.10521535
6.0649757,-2.4681528
8.065167,-1.3523701
6.8548155,0.5104338
6.230356,1.0819044
-4.0748925,1.9202404
8.726844,1.7700089
8.033715,2.7638617
7.625197,12.155496
10.079101,1.5471878
-5.642659,1.2292135
-2.5173779,-1.6785395
6.7034464,8.52137
-3.464974,1.6114177
-0.48713613,1.1774193
7.385883,1.6229911
7.834238,-4.4885244
6.0924864,1.4061536
4.482595,0.6877553
6.352898,1.3499489
-4.623269,1.948953
6.9994216,1.03401
-3.027387,3.6179998
8.251255,0.12963879
8.506569,-1.979078
6.8501782,12.180162
-3.3258982,3.4781523
-5.9626956,1.137566
9.33184,0.6102437
7.658825,10.297057
6.9707217,-4.9873633
6.2995358,0.021314932
6.8702927,11.9928055
-3.1279457,3.8063745
5.452507,-0.05250933
8.685389,12.117811
-0.63720584,1.3329576
-3.0390685,2.6718588
7.6502404,10.363622
6.9592834,12.401251
8.766957,1.1715899
7.1815553,-1.3260561
6.959382,2.3291693
-5.346993,1.9643064
-3.8753412,4.491339
-3.5382376,2.701275
8.867256,2.627802
9.120319,0.7194597
4.77358,0.87456024
6.406904,1.0527117
7.8953986,0.6429423
-2.9344828,2.5196214
-5.355163,3.7873206
4.288228,0.6135113
9.357171,0.8857477
7.9073544,0.47636113
9.449946,1.408556
-5.2092605,0.6584518
8.619482,1.4268079
-1.8791875,1.6432899
5.450017,0.17267835
7.4768267,10.8907385
-4.5379033,1.6837624
9.500165,1.158663
-4.114077,1.9227847
6.6922398,2.4506931
-5.3347874,1.8561424
7.134974,10.547501
7.1223764,-4.0738564
6.3098884,-2.1779366
-4.60209,0.92184687
4.1896243,0.73782974
8.022518,-4.6939197
-3.875774,2.7289572
5.7803545,1.439106
-4.283009,5.1517463
8.588463,1.1318191
8.41728,2.0243506
-4.825126,4.0384116
6.0247407,0.61851805
-4.917694,0.5177833
6.9356604,0.5876876
6.542041,-2.481953
6.473935,-3.4414904
7.6904087,2.0424654
-3.165518,3.1158235
7.4735284,0.20468907
9.245822,2.4423828
8.817832,1.9029909
-4.423289,2.183248
6.8737645,-4.5697155
-3.9750974,3.7023504
9.249523,1.6422085
6.9234395,11.158894
9.841853,2.2106845
7.2984705,-5.129964
-5.4184346,3.3223097
6.760028,11.958814
-4.165,4.4981565
5.66765,0.65007085
6.786033,11.359626
8.022462,2.9505665
7.4818525,12.947546
-3.5474243,1.220542
-0.41312373,1.3949718
7.308525,0.36694303
6.459533,-1.781576
-4.021667,0.607025
6.87743,1.7198817
7.5082107,-1.6312711
-4.6218634,4.390419
7.1550417,2.3575797
-3.1481545,1.4873415
-4.222276,5.007262
8.075985,1.2395662
-4.9349637,1.6433426
8.528637,11.135052
7.22392,2.2275968
-3.8186843,3.402146
5.3552556,1.0243686
7.8439794,11.937616
6.8926826,11.799495
7.182168,12.0796795
7.778578,0.037411444
8.505218,0.5112715
7.209791,11.966913
7.6889725,-4.9351354
7.661927,10.566709
6.910609,2.4224956
-3.656683,2.0670416
-0.7263177,1.7228825
-4.991306,0.66679037
-3.8011138,4.003685
7.53173,2.492724
8.023379,-1.3961838
6.4072495,11.475538
-5.5630403,1.5534165
6.9203687,12.3587675
8.076558,0.8772085
-0.10977205,1.6180712
-2.519033,2.1254878
6.651559,9.78291
7.9078574,11.678631
7.343332,12.749661
5.7206464,1.9935317
